DocID,PageRank
www_topendsports_com_events_winter_hosts_oslo_htm,0.0011186437108036927
www_topendsports_com_sport_list_basketball_wheelchair_htm,0.0011186437108036927
www_topendsports_com_sport_afl_aflw_testing_combine_women_results_2021_htm,0.0011186437108036927
www_topendsports_com_events_hockey_ice_world_cup_index_htm,0.0011186437108036927
www_topendsports_com_sport_athletics_index_htm,0.0011186437108036927
www_topendsports_com_events_demonstration_1900_htm,0.0011186437108036927
www_topendsports_com_sport_list_rowing_indoor_htm,0.0011186437108036927
www_topendsports_com_resources_polls_sport_athletics_index_htm,0.0011186437108036927
www_topendsports_com_testing_tests_wheelchair_12min_htm,0.0011186437108036927
www_topendsports_com_sport_icehockey_nhl_combine_results_2018_htm,0.0011186437108036927
www_vr_bank_wuerzburg_de_privatkunden_sparen_geldanlage_bausparen_schwaebischhall_bausparvertrag,0.0011415282199970728
www_topendsports_com_events_worldcupsoccer_hosts_mexico_1986_htm,0.0011186437108036927
www_topendsports_com_events_discontinued_winter_sports_htm,0.0011186437108036927
www_topendsports_com_sport_soccer_awards_ballondor_2001_htm,0.0011186437108036927
www_topendsports_com_athletes_football_soccer_index_htm,0.0011186437108036927
www_topendsports_com_sport_list_car_racing_sprint_htm,0.0011186437108036927
www_topendsports_com_events_horse_racing_index_htm,0.0011186437108036927
www_topendsports_com_sport_gridiron_nfl_draft_results_2018_htm,0.0011186437108036927
www_topendsports_com_testing_work_general_htm,0.0011186437108036927
www_topendsports_com_sport_athletics_profiles_index_htm,0.0011186437108036927
www_topendsports_com_sport_list_unicycle_handball_htm,0.0011186437108036927
www_topendsports_com_sport_soccer_awards_ballondor_voting_htm,0.0011186437108036927
www_topendsports_com_world_countries_kosovo_htm,0.0011186437108036927
share_flipboard_com_bookmarklet_popout_title_How_20to_20turn_20off_20web_20notifications_20for_20Google_20Chrome_20and_20macOS_url_https_3A_2F_2Fwww_livescience_com_2Fhow_to_turn_off_web_notifications_for_chrome_macos,0.0011186437108036927
www_topendsports_com_athletes_golf_woods_tiger_htm,0.0011186437108036927
www_topendsports_com_sport_list_wrestling_sumo_htm,0.0011186437108036927
www_topendsports_com_events_cycling_world_championships_htm,0.0011186437108036927
www_topendsports_com_testing_work_navy_usa_htm,0.0011186437108036927
www_topendsports_com_events_discontinued_figure_skating_htm,0.0011186437108036927
www_topendsports_com_sport_golf_equipment_ball_specifications_htm,0.0011186437108036927
www_topendsports_com_sport_extinct_bladderball_htm,0.0011186437108036927
www_topendsports_com_sport_extinct_medieval_football_htm,0.0011186437108036927
www_topendsports_com_athletes_football_soccer_cruyff_johan_htm,0.0011186437108036927
www_topendsports_com_events_world_swimming_champs_hosts_doha_2024_htm,0.0011186437108036927
www_topendsports_com_testing_tests_20yard_agility_htm,0.0011186437108036927
www_topendsports_com_world_countries_brazil_htm,0.0011186437108036927
www_topendsports_com_world_countries_venezuela_htm,0.0011186437108036927
www_topendsports_com_resources_stadiums_usa_st_louis_francis_field_htm,0.0011186437108036927
www_livescience_com_39582_what_is_francium,0.0011186437108036927
www_topendsports_com_events_summer_winners_football_men_htm,0.0011186437108036927
www_topendsports_com_testing_tests_rockport_htm,0.0011186437108036927
www_topendsports_com_events_soccer_finalissima_index_htm,0.0011186437108036927
www_vr_bank_wuerzburg_de_privatkunden_sparen_geldanlage,0.00118595005407333
www_topendsports_com_world_lists_earnings_athletes_paid_2019_htm,0.0011186437108036927
www_topendsports_com_events_super_bowl_hosts_2008_htm,0.0011186437108036927
www_topendsports_com_events_cricket_world_cup_hosts_2011_asia_index_htm,0.0011186437108036927
www_britannica_com_technology_pyramid_architecture,0.0011282823033448295
www_topendsports_com_events_commonwealth_games_medals_table_summary_htm,0.0011186437108036927
www_topendsports_com_events_cricket_world_cup_hosts_2019_england_index_htm,0.0011186437108036927
www_topendsports_com_world_countries_virgin_islands_htm,0.0011186437108036927
www_topendsports_com_events_calendar_2023_htm,0.0011186437108036927
www_topendsports_com_world_lists_greatest_all_time_swimming_htm,0.0011186437108036927
www_topendsports_com_sport_list_kendo_htm,0.0011186437108036927
www_topendsports_com_world_lists_annual_awards_index_htm,0.0011186437108036927
www_topendsports_com_athletes_swimming_biondi_matt_htm,0.0011186437108036927
egymonuments_gov_eg_en_events_the_immersive_tutankhamun_exhibition,0.0011186437108036927
www_topendsports_com_nutrition_events_olympic_nutrition_2010_vancouver_htm,0.0011186437108036927
www_topendsports_com_testing_tests_1000m_run_htm,0.0011186437108036927
www_topendsports_com_resources_stadiums_index_htm,0.0011186437108036927
www_topendsports_com_sport_list_football_cerebral_palsy_htm,0.0011186437108036927
www_topendsports_com_events_commonwealth_games_sports_sepak_takraw_htm,0.0011186437108036927
www_topendsports_com_sport_esports_list_escape_from_tarkov_ammo_and_armor_htm,0.0011186437108036927
www_topendsports_com_sport_list_shooting_field_target_htm,0.0011186437108036927
www_topendsports_com_health_medicine_strong_teeth_and_gums_htm,0.0011186437108036927
www_topendsports_com_medicine_cold_htm,0.0011186437108036927
www_topendsports_com_sport_afl_combine_international_2015_htm,0.0011186437108036927
www_livescience_com_46972_liquids,0.0011273728883716952
www_topendsports_com_events_advertising_htm,0.0011186437108036927
www_topendsports_com_sport_extinct_cock_throwing_htm,0.0011186437108036927
www_topendsports_com_events_worldcupsoccer_hosts_2026_stadiums_htm,0.0011186437108036927
www_topendsports_com_events_cricket_world_cup_hosts_2015_australia_new_zealand_index_htm,0.0011186437108036927
www_topendsports_com_sport_list_fives_eton_htm,0.0011186437108036927
www_topendsports_com_sport_list_underwater_rugby_htm,0.0011186437108036927
www_topendsports_com_resources_research_index_htm,0.0011186437108036927
www_topendsports_com_sport_list_softball_htm,0.0011186437108036927
www_topendsports_com_events_baseball_index_htm,0.0011186437108036927
education_jlab_org_glossary_abund_uni,0.0011186437108036927
www_topendsports_com_events_commonwealth_games_hosts_2026_index_htm,0.0011186437108036927
www_topendsports_com_athletes_football_american_brown_jim_htm,0.0011186437108036927
www_topendsports_com_world_timeline_2007_htm,0.0011186437108036927
www_topendsports_com_world_countries_yemen_htm,0.0011186437108036927
www_topendsports_com_testing_tests_broca_index_htm,0.0011186437108036927
www_acs_org_education_students_college_studentaffiliates,0.0011186437108036927
www_topendsports_com_sport_golf_equipment_technology_htm,0.0011186437108036927
www_thissportlife_com_countries_index_htm,0.0015538383006765814
www_topendsports_com_sport_list_triathlon_winter_htm,0.0011186437108036927
www_topendsports_com_sport_list_lacrosse_box_htm,0.0011186437108036927
www_topendsports_com_sport_league_index_htm,0.0011186437108036927
www_topendsports_com_world_countries_australia_events_olympics_medals_winter_winners_htm,0.0011186437108036927
www_topendsports_com_sport_unusual_horseback_boxing_htm,0.0011186437108036927
www_topendsports_com_events_calendar_horse_racing_past_htm,0.0011186437108036927
www_topendsports_com_world_countries_australia_events_olympics_medals_gold_winners_htm,0.0011186437108036927
www_topendsports_com_sport_air_sports_htm,0.0011186437108036927
www_topendsports_com_events_tennis_grand_slam_index_htm,0.0011186437108036927
www_topendsports_com_events_worldcupsoccer_mascots_htm,0.0011186437108036927
www_topendsports_com_sport_shooting_sports_htm,0.0011186437108036927
www_topendsports_com_world_lists_annual_competitions_superstars_world_htm,0.0011186437108036927
www_topendsports_com_testing_tests_agility_lane_htm,0.0011186437108036927
www_topendsports_com_sport_list_horseracing_steeplechase_htm,0.0011186437108036927
www_topendsports_com_sport_list_international_rules_htm,0.0011186437108036927
www_topendsports_com_sport_badminton_history_htm,0.0011186437108036927
www_topendsports_com_sport_extinct_index_htm,0.0011186437108036927
www_topendsports_com_sport_list_over_the_line_htm,0.0011186437108036927
www_topendsports_com_world_countries_nauru_htm,0.0011186437108036927
www_topendsports_com_sport_list_floorball_htm,0.0011186437108036927
www_topendsports_com_sport_unusual_straw_race_htm,0.0011186437108036927
www_acs_org_pressroom_reactions,0.0011186437108036927
www_topendsports_com_sport_list_football_american_htm,0.0011186437108036927
www_topendsports_com_resources_polls_sport_bull_fighting_bullfighting_a_sport_htm,0.0011186437108036927
www_topendsports_com_sitemap_htm,0.01335241240288244
www_topendsports_com_psychology_terms_htm,0.0011186437108036927
www_topendsports_com_sport_list_diving_death_htm,0.013289695163534903
www_topendsports_com_events_games_asian_games_sports_breakdancing_htm,0.0011186437108036927
www_topendsports_com_world_timeline_1867_htm,0.0011186437108036927
www_topendsports_com_sport_unusual_pooh_sticks_htm,0.0011186437108036927
www_topendsports_com_resources_stadiums_usa_indiana_indianapolis_lucas_oil_htm,0.0011186437108036927
www_livescience_com_32387_what_is_antimatter,0.0011186437108036927
www_topendsports_com_world_countries_el_salvador_htm,0.0011186437108036927
www_topendsports_com_events_calendar_2026_htm,0.0011186437108036927
www_topendsports_com_fitness_benefits_htm,0.0011186437108036927
www_topendsports_com_sport_list_gymnastics_pommel_horse_htm,0.0011186437108036927
www_topendsports_com_events_winter_animals_htm,0.0011186437108036927
www_topendsports_com_events_calendar_athletics_htm,0.0011186437108036927
www_topendsports_com_athletes_basketball_johnson_magic_htm,0.0011186437108036927
www_topendsports_com_sport_list_wheelchair_racing_htm,0.0011186437108036927
www_topendsports_com_events_super_bowl_hosts_2023_htm,0.0011186437108036927
www_topendsports_com_collecting_index_htm,0.0011186437108036927
www_topendsports_com_sport_list_boxing_slap_htm,0.0011186437108036927
www_topendsports_com_sport_tennis_terms_htm,0.0011186437108036927
www_acs_org_molecule_of_the_week_archive,0.0011186437108036927
www_topendsports_com_sport_list_hockey_fives_htm,0.0011186437108036927
www_topendsports_com_store_questions_htm,0.0011186437108036927
www_topendsports_com_sport_list_triathlon_para_htm,0.0011186437108036927
www_topendsports_com_world_timeline_1902_htm,0.0011186437108036927
education_jlab_org_qa_particlemass_02,0.0011186437108036927
www_livescience_com_7699_5_myths_fertility_treatments,0.0011186437108036927
web_mit_edu_admissions_aid_,0.0011186437108036927
www_vr_bank_wuerzburg_de_vr_mehr_als_bank_vr_360_grad,0.0012007429885675374
www_topendsports_com_resources_technology_sport_specific_htm,0.0011186437108036927
www_topendsports_com_sport_unusual_index_htm,0.0011186437108036927
www_topendsports_com_sport_soccer_awards_ballondor_1977_htm,0.0011186437108036927
www_topendsports_com_testing_products_vertical_jump_jumpmat_htm,0.0011186437108036927
www_topendsports_com_sport_list_qianball_htm,0.0011186437108036927
www_thissportlife_com_sports_beach_sports_htm,0.0011186437108036927
www_topendsports_com_sport_soccer_awards_ballondor_2011_htm,0.0011186437108036927
www_topendsports_com_sport_list_netball_fast5_htm,0.0011186437108036927
www_topendsports_com_resources_polls_sport_martial_arts_fitness_components_for_martial_arts_htm,0.0011186437108036927
www_topendsports_com_sport_disc_sports_ultimate_index_htm,0.0011186437108036927
www_forbes_com_lists_list_directory__495a3efdb274,0.0011186437108036927
www_topendsports_com_sport_list_oina_htm,0.0011186437108036927
www_topendsports_com_testing_yo_yo_intermittent_e_levels_htm,0.0011186437108036927
www_topendsports_com_sport_unusual_shin_kicking_htm,0.0011186437108036927
www_acs_org_careers_chemical_sciences_profiles_amy_paris,0.0011186437108036927
www_topendsports_com_quiz_events_superbowl_htm,0.0011186437108036927
www_topendsports_com_sport_list_football_sprint_htm,0.0011186437108036927
www_topendsports_com_resources_polls_sport_include_olympic_sport_for_2020_htm,0.0011186437108036927
www_topendsports_com_image_album_clipart_soccer_index,0.0011186437108036927
www_acs_org_membership_member_benefits,0.0011247000621042223
www_shutterstock_com_gallery_95882p1,0.0011281965629049843
www_topendsports_com_events_discontinued_fencing_singlesticks_htm,0.0011186437108036927
www_topendsports_com_events_cricket_world_cup_women_index_htm,0.0011186437108036927
www_topendsports_com_sport_soccer_awards_ballondor_1960_htm,0.0011186437108036927
www_topendsports_com_events_winter_sports_index_htm,0.0011186437108036927
www_topendsports_com_sport_gridiron_nfl_combine_attendees_2023_htm,0.0011186437108036927
www_acs_org_content_acs_en_careers_college_to_career_areas_of_chemistry_physical_chemistry,0.0011186437108036927
education_jlab_org_itselemental_ele001,0.0011377494150062756
www_topendsports_com_events_summer_hosts_list_htm,0.0011186437108036927
www_topendsports_com_events_calendar_2025_htm,0.01335241240288244
www_topendsports_com_sport_list_football_sports_table_htm,0.0011186437108036927
www_topendsports_com_events_paralympics_sports_athletics_htm,0.0011186437108036927
www_topendsports_com_world_timeline_1965_htm,0.0011186437108036927
www_topendsports_com_sport_motorsports_index_htm,0.0011186437108036927
www_topendsports_com_testing_tests_1half_mile_run_prt_htm,0.0011186437108036927
www_topendsports_com_sport_list_powerchair_football_htm,0.0011186437108036927
www_topendsports_com_sport_gridiron_physics_htm,0.0011186437108036927
www_topendsports_com_sport_swimming_science_biomechanics_htm,0.0011186437108036927
www_topendsports_com_testing_tests_arm_crank_wingate_htm,0.0011186437108036927
www_topendsports_com_sport_list_autograss_htm,0.0011186437108036927
www_ran_de_sports_american_football,0.0011186437108036927
www_topendsports_com_world_timeline_1901_htm,0.0011186437108036927
www_topendsports_com_resources_polls_sport_esports_olympic_inclusion_htm,0.0011186437108036927
www_topendsports_com_world_countries_australia_events_olympics_success_htm,0.0011186437108036927
www_topendsports_com_testing_tests_3_km_run_htm,0.0011186437108036927
www_topendsports_com_events_games_disabled_games_defi_sportif_index_htm,0.0011186437108036927
www_topendsports_com_testing_tests_dips_htm,0.0011186437108036927
www_topendsports_com_sport_list_volleyball_beach_htm,0.0011186437108036927
www_topendsports_com_sport_athletics_images_htm,0.0011186437108036927
www_topendsports_com_testing_norms_yo_yo_htm,0.0011186437108036927
www_topendsports_com_events_golf_majors_books_htm,0.0011186437108036927
www_topendsports_com_events_paralympics_winter_hosts_2018_pyeongchang_htm,0.0011186437108036927
www_topendsports_com_sport_sports_all_f_htm,0.0011186437108036927
www_topendsports_com_sport_soccer_awards_ballondor_2010_htm,0.0011186437108036927
www_topendsports_com_sport_list_football_blind_htm,0.0011186437108036927
www_topendsports_com_events_summer_sports_bowling_htm,0.0011186437108036927
www_topendsports_com_sport_athletics_record_marathon_men_htm,0.0011186437108036927
www_topendsports_com_sport_list_table_tennis_htm,0.0011186437108036927
www_topendsports_com_sport_tennis_men_v_women_htm,0.0011186437108036927
www_topendsports_com_world_timeline_1893_htm,0.0011186437108036927
www_topendsports_com_fitness_howitworks_htm,0.0011186437108036927
www_topendsports_com_events_games_world_sports_2022_htm,0.0011186437108036927
go_future_advertising_com_Live_Science_Media_Kit,0.0012538470216538382
www_livescience_com_59941_how_to_make_slime_with_glue,0.0011186437108036927
www_topendsports_com_events_summer_sports_hockey_htm,0.0011186437108036927
www_topendsports_com_sport_athletics_records_htm,0.0011186437108036927
www_topendsports_com_events_horse_racing_kentucky_derby_winners_htm,0.0011186437108036927
www_topendsports_com_world_timeline_1877_htm,0.0011186437108036927
www_topendsports_com_sport_afl_combine_results_2020_htm,0.0011186437108036927
www_topendsports_com_world_lists_earnings_athletes_paid_2008_htm,0.0011186437108036927
www_topendsports_com_sport_boules_sports_htm,0.0011186437108036927
www_topendsports_com_sport_unusual_botaoshi_htm,0.0011186437108036927
www_topendsports_com_sport_tenpin_sport_name_htm,0.0011186437108036927
www_topendsports_com_events_soccer_uefa_euros_hosts_2028_htm,0.0011186437108036927
www_topendsports_com_sport_list_shooting_skeet_htm,0.0011186437108036927
www_topendsports_com_sport_list_rowing_beach_sprint_htm,0.0011186437108036927
www_topendsports_com_testing_tests_sprint_repeat_htm,0.0011186437108036927
www_topendsports_com_events_worldcupsoccer_hosts_south_africa_2010_index_htm,0.0011186437108036927
www_topendsports_com_events_soccer_fa_cup_2024_htm,0.0011186437108036927
www_topendsports_com_sport_list_tamburello_htm,0.0011186437108036927
www_topendsports_com_sport_list_yoga_sport_htm,0.0011186437108036927
www_topendsports_com_resources_polls_fitness_index_htm,0.0011186437108036927
www_topendsports_com_events_super_bowl_winners_list_htm,0.01335241240288244
www_topendsports_com_events_commonwealth_games_compare_htm,0.0011186437108036927
www_topendsports_com_events_calendar_baseball_htm,0.0011186437108036927
www_topendsports_com_testing_specific_groups_htm,0.0011186437108036927
www_topendsports_com_events_calendar_2027_htm,0.0011186437108036927
www_topendsports_com_events_soccer_copa_america_winners_htm,0.0011186437108036927
www_topendsports_com_sport_unusual_jollyball_htm,0.0011186437108036927
www_topendsports_com_sport_list_gymnastics_group_htm,0.0011186437108036927
www_livescience_com_earth,0.0011555519285204492
www_topendsports_com_resources_records_genius_book_of_world_records_htm,0.0011186437108036927
www_topendsports_com_world_lists_popular_sport_countries_switzerland_htm,0.0011186437108036927
www_topendsports_com_sport_list_hockey_ice_3x3_htm,0.0011186437108036927
www_topendsports_com_testing_walking_tests_htm,0.0011186437108036927
www_topendsports_com_sport_list_slopestyle_snowboarding_htm,0.0011186437108036927
www_topendsports_com_sport_illegal_index_htm,0.013289695163534903
oge_mit_edu_graduate_admissions_programs_masters_degrees_,0.0011224909580389067
www_topendsports_com_sport_list_lumberjack_htm,0.0011186437108036927
www_topendsports_com_sport_list_trampolining_htm,0.0011186437108036927
www_topendsports_com_testing_tests_balance_star_excursion_htm,0.0011186437108036927
www_topendsports_com_sport_sports_all_g_htm,0.0011186437108036927
www_topendsports_com_sport_list_skiing_slalom_htm,0.0011186437108036927
www_topendsports_com_events_discontinued_cricket_htm,0.0011186437108036927
www_topendsports_com_athletes_cricket_garner_joel_htm,0.0011186437108036927
www_topendsports_com_events_worldcupsoccer_hosts_russia_2018_draw_htm,0.0011186437108036927
www_topendsports_com_testing_tests_arm_curl_htm,0.0011186437108036927
www_topendsports_com_testing_tests_balance_walk_htm,0.0011186437108036927
www_topendsports_com_testing_beep_introduction_htm,0.0011186437108036927
www_topendsports_com_events_summer_hosts_antwerp_htm,0.0011186437108036927
www_topendsports_com_world_timeline_1878_htm,0.0011186437108036927
www_topendsports_com_events_surfing_world_games_index_htm,0.0011186437108036927
www_topendsports_com_sport_soccer_technology_htm,0.0011186437108036927
www_topendsports_com_image_album_photos_air_racing_index,0.0011186437108036927
www_topendsports_com_events_worldcupsoccer_hosts_germany_index_htm,0.0011186437108036927
www_topendsports_com_world_timeline_1920_htm,0.0011186437108036927
www_topendsports_com_fitness_products_equipment_strength_htm,0.0011186437108036927
www_topendsports_com_testing_tests_heart_rate_maximizer_htm,0.0011186437108036927
www_topendsports_com_world_timeline_1918_htm,0.0011186437108036927
www_topendsports_com_testing_tests_walk_half_mile_htm,0.0011186437108036927
www_topendsports_com_testing_tests_schober_htm,0.0011186437108036927
www_topendsports_com_events_games_youth_kingdom_htm,0.0011186437108036927
www_topendsports_com_events_demonstration_kite_flying_htm,0.0011186437108036927
www_topendsports_com_testing_tests_bench_pull_htm,0.0011186437108036927
www_topendsports_com_events_netball_world_champs_hosts_2027_australia_htm,0.0011186437108036927
www_topendsports_com_resources_polls_sport_include_olympic_sport_htm,0.0011186437108036927
www_topendsports_com_sport_basketball_index_htm,0.0011186437108036927
www_vr_bank_wuerzburg_de_homepage,0.0012515133862667051
www_topendsports_com_world_countries_moldova_htm,0.0011186437108036927
www_topendsports_com_sport_list_pigeon_racing_htm,0.0011186437108036927
www_topendsports_com_sport_blood_sports_list_htm,0.0011186437108036927
www_topendsports_com_events_equestrian_index_htm,0.0011186437108036927
www_topendsports_com_testing_tests_VO2max_treadmill_htm,0.0011186437108036927
www_topendsports_com_sport_soccer_soccer_basics_htm,0.0011186437108036927
www_topendsports_com_sport_gridiron_equipment_htm,0.0011186437108036927
www_topendsports_com_events_games_gay_games_index_htm,0.0011186437108036927
www_vr_bank_wuerzburg_de_service_servicebar_filialen,0.0012515133862667051
www_topendsports_com_events_baseball_world_series_winning_teams_htm,0.0011186437108036927
sportsfoundation_org_american_football_history_,0.0011186437108036927
www_topendsports_com_sport_list_sambo_beach_htm,0.0011186437108036927
www_topendsports_com_world_lists_annual_competitions_superstars_uk_htm,0.0011186437108036927
www_topendsports_com_sport_equestrian_events_htm,0.0011186437108036927
www_topendsports_com_sport_list_bobsleigh_htm,0.0011186437108036927
www_topendsports_com_testing_tests_BMI_htm,0.0011186437108036927
www_topendsports_com_world_lists_popular_sport_olympics_2004articles_htm,0.0011186437108036927
www_topendsports_com_events_netball_world_champs_history_htm,0.0011186437108036927
www_topendsports_com_testing_tests_balke_15min_htm,0.0011186437108036927
www_topendsports_com_testing_tests_medicine_ball_throw_overhead_htm,0.0011186437108036927
www_topendsports_com_sport_list_gymnastics_balance_beam_htm,0.0011186437108036927
www_topendsports_com_world_countries_australia_events_olympics_greatest_olympians_htm,0.0011186437108036927
www_topendsports_com_resources_polls_sport_highlights_2013_htm,0.0011186437108036927
www_topendsports_com_sport_unusual_mud_olympics_htm,0.0011186437108036927
www_topendsports_com_sport_list_boxing_bare_knuckle_htm,0.0011186437108036927
www_topendsports_com_resources_polls_testing_vertical_jump_equipment_htm,0.0011186437108036927
www_topendsports_com_testing_tests_curl_ups_partial_presidents_htm,0.0011186437108036927
www_topendsports_com_world_countries_papua_new_guinea_htm,0.0011186437108036927
www_topendsports_com_sport_soccer_awards_ballondor_htm,0.0011186437108036927
www_topendsports_com_testing_tests_underwater_htm,0.0011186437108036927
www_topendsports_com_sport_list_skateboarding_vert_htm,0.0011186437108036927
www_topendsports_com_events_worldcupsoccer_history_htm,0.0011186437108036927
www_topendsports_com_events_discontinued_gymnastics_tumbling_htm,0.0011186437108036927
www_topendsports_com_events_paralympics_sports_goalball_htm,0.0011186437108036927
byjus_com_physics_,0.0011186437108036927
www_topendsports_com_events_super_bowl_firsts_htm,0.0011186437108036927
www_topendsports_com_world_lists_must_see_events_top10_wonderlist_htm,0.0011186437108036927
www_livescience_com_50304_fruit_pesticides_lower_sperm_count,0.0011293094107945301
www_topendsports_com_sport_golf_psychology_htm,0.0011186437108036927
www_topendsports_com_sport_esports_index_htm,0.0011186437108036927
www_topendsports_com_sport_list_mountain_biking_downhill_htm,0.0011186437108036927
www_topendsports_com_testing_tests_total_body_potassium_htm,0.0011186437108036927
www_topendsports_com_world_timeline_1933_htm,0.0011186437108036927
www_topendsports_com_testing_tests_squat_single_leg_htm,0.0011186437108036927
www_topendsports_com_sport_list_kneeboarding_htm,0.0011186437108036927
www_topendsports_com_sport_list_driving_combined_htm,0.0011186437108036927
www_topendsports_com_testing_tests_curl_up_fitnessgram_htm,0.0011186437108036927
www_topendsports_com_testing_tests_1mile_walk_htm,0.0011186437108036927
www_topendsports_com_events_soccer_copa_america_hosts_2016_htm,0.0011186437108036927
www_topendsports_com_events_paralympics_science_htm,0.0011186437108036927
www_topendsports_com_testing_tests_back_strength_kw4_htm,0.0011186437108036927
www_thissportlife_com_sports_football_soccer_world_cup_men_winners_htm,0.0011186437108036927
www_topendsports_com_athletes_ice_hockey_howe_gordie_htm,0.0011186437108036927
www_topendsports_com_sport_unusual_camel_jumping_htm,0.0011186437108036927
www_topendsports_com_events_winter_hosts_2034_index_htm,0.0011186437108036927
www_topendsports_com_weight_loss_dietician_htm,0.0011186437108036927
www_topendsports_com_world_timeline_australia_2020_htm,0.0011186437108036927
www_topendsports_com_events_paralympics_sports_powerlifting_htm,0.0011186437108036927
www_thissportlife_com_sports_football_soccer_awards_ballon_dor_winners_men_htm,0.0011186437108036927
www_topendsports_com_events_summer_hosts_barcelona_htm,0.0011186437108036927
www_topendsports_com_world_lists_popular_sport_olympics_winter_htm,0.0011186437108036927
www_topendsports_com_events_summer_sports_gymnastics_rhythmic_htm,0.0011186437108036927
www_topendsports_com_sport_list_vigoro_htm,0.0011186437108036927
www_topendsports_com_sport_list_sambo_htm,0.0011186437108036927
www_thissportlife_com_sports_aikido_glossary_htm,0.0011186437108036927
www_topendsports_com_sport_soccer_awards_ballondor_2000_htm,0.0011186437108036927
www_topendsports_com_events_boxing_world_championships_index_htm,0.0011186437108036927
www_topendsports_com_events_summer_athletes_index_htm,0.0011186437108036927
www_topendsports_com_sport_list_footgolf_htm,0.0011186437108036927
www_topendsports_com_events_rowing_index_htm,0.0011186437108036927
www_topendsports_com_events_commonwealth_games_sports_badminton_htm,0.0011186437108036927
www_topendsports_com_sport_list_woodchopping_htm,0.0011186437108036927
www_topendsports_com_events_demonstration_speed_skiing_htm,0.0011186437108036927
www_topendsports_com_events_demonstration_afl_htm,0.0011186437108036927
www_topendsports_com_world_countries_argentina_htm,0.0011186437108036927
www_topendsports_com_events_netball_world_champs_hosts_2015_australia_htm,0.0011186437108036927
www_topendsports_com_sport_list_calva_htm,0.0011186437108036927
www_topendsports_com_events_paralympics_winter_hosts_2034_salt_lake_city_htm,0.0011186437108036927
www_topendsports_com_events_commonwealth_games_hosts_2022_venues_htm,0.0011186437108036927
www_topendsports_com_sport_adventure_skydiving_adventures_htm,0.0011186437108036927
www_topendsports_com_sport_list_pesapallo_htm,0.0011186437108036927
www_topendsports_com_fun_names_apt_htm,0.0011186437108036927
www_topendsports_com_world_lists_annual_awards_sports_technology_2014_htm,0.0011186437108036927
www_topendsports_com_events_winter_hosts_sapporo_htm,0.0011186437108036927
www_topendsports_com_events_games_asian_games_index_htm,0.0011186437108036927
www_topendsports_com_resources_polls_sport_soccer_sport_name_canada_htm,0.0011186437108036927
www_topendsports_com_world_countries_mauritania_htm,0.0011186437108036927
www_topendsports_com_events_athletics_world_indoors_index_htm,0.0011186437108036927
www_topendsports_com_testing_tests_sprint_40yards_htm,0.0011186437108036927
www_topendsports_com_testing_tests_bosco_squat_jump_htm,0.0011186437108036927
www_topendsports_com_events_golf_majors_grand_slam_htm,0.0011186437108036927
www_topendsports_com_sport_list_hockey_field_indoor_htm,0.0011186437108036927
www_topendsports_com_events_soccer_uefa_champions_2025_preview_htm,0.0011186437108036927
www_topendsports_com_nutrition_products_index_htm,0.0011186437108036927
www_topendsports_com_sport_list_ecuavoley_htm,0.0011186437108036927
www_topendsports_com_events_worldcupsoccer_women_index_htm,0.0011186437108036927
www_topendsports_com_events_winter_trivia_htm,0.0011186437108036927
www_topendsports_com_events_rugby_world_cup_trivia_htm,0.0011186437108036927
www_topendsports_com_athletes_cricket_bradman_donald_htm,0.0011186437108036927
www_topendsports_com_world_lists_must_see_events_top10_ng_htm,0.0011186437108036927
www_topendsports_com_events_paralympics_sports_wheelchair_slalom_htm,0.0011186437108036927
www_topendsports_com_testing_work_canada_htm,0.0011186437108036927
www_topendsports_com_fitness_technology_wearable_tech_htm,0.0011186437108036927
www_topendsports_com_events_winners_lists_htm,0.0011186437108036927
www_topendsports_com_world_lists_fittest_sport_decathlon_htm,0.0011186437108036927
www_topendsports_com_events_summer_sports_baseball_htm,0.0011186437108036927
www_topendsports_com_testing_grip_types_htm,0.0011186437108036927
www_topendsports_com_events_paralympics_sports_wheelchair_fencing_htm,0.0011186437108036927
www_topendsports_com_testing_tests_vertical_jump_one_leg_htm,0.0011186437108036927
www_topendsports_com_events_calendar_games_htm,0.0011186437108036927
www_topendsports_com_athletes_football_american_elway_john_htm,0.0011186437108036927
www_topendsports_com_sport_sports_all_k_htm,0.0011186437108036927
www_topendsports_com_events_paralympics_hosts_index_htm,0.0011186437108036927
www_topendsports_com_resources_polls_sport_gridiron_factors_of_success_htm,0.0011186437108036927
www_topendsports_com_testing_tests_agility_semo_htm,0.0011186437108036927
www_topendsports_com_sport_list_snowboarding_htm,0.0011186437108036927
www_topendsports_com_events_summer_sports_volleyball_htm,0.0011186437108036927
www_topendsports_com_events_soccer_copa_america_countries_usa_htm,0.0011186437108036927
www_topendsports_com_resources_heroes_ratings_gridiron_walter_payton_htm,0.0011186437108036927
www_topendsports_com_testing_tests_swim_500yrd_prt_htm,0.0011186437108036927
www_topendsports_com_sport_list_tejo_argentina_htm,0.0011186437108036927
www_topendsports_com_sport_martial_arts_muay_thai_v_boxing_htm,0.0011186437108036927
www_topendsports_com_events_worldcupsoccer_countries_cameroon_htm,0.0011186437108036927
www_vr_bank_wuerzburg_de_privatkunden_versicherung_krankenversicherung_auslandsreise_krankenversicherung,0.0011424183974497225
www_topendsports_com_athletes_basketball_index_htm,0.0011186437108036927
www_topendsports_com_testing_tests_mas_run_htm,0.0011186437108036927
www_topendsports_com_events_worldcupsoccer_women_countries_canada_htm,0.0011186437108036927
www_topendsports_com_world_lists_popular_sport_top_end_sports_htm,0.0011186437108036927
www_topendsports_com_resources_polls_testing_index_htm,0.0011186437108036927
www_topendsports_com_events_games_beach_asian_index_htm,0.0011186437108036927
www_topendsports_com_events_demonstration_ice_stock_sport_htm,0.0011186437108036927
www_topendsports_com_events_soccer_copa_america_countries_index_htm,0.0011186437108036927
www_topendsports_com_sport_list_badminton_para_htm,0.0011186437108036927
www_topendsports_com_sport_list_fives_rugby_htm,0.0011186437108036927
www_topendsports_com_sport_list_speedminton_htm,0.0011186437108036927
www_topendsports_com_sport_soccer_technology_balls_htm,0.0011186437108036927
italmec_cz_sportovni_povrchy,0.0011186437108036927
www_topendsports_com_events_summer_sports_synchronized_swimming_htm,0.0011186437108036927
www_topendsports_com_sport_hockey_testing_htm,0.0011186437108036927
www_topendsports_com_sport_hockey_index_htm,0.0011186437108036927
www_topendsports_com_world_timeline_1923_htm,0.0011186437108036927
www_topendsports_com_world_lists_earnings_athletes_paid_1999_htm,0.0011186437108036927
www_topendsports_com_psychology_visualization_techniques_htm,0.0011186437108036927
www_topendsports_com_events_summer_sports_athletics_htm,0.0011186437108036927
www_topendsports_com_events_demonstration_basketball_htm,0.0011186437108036927
www_topendsports_com_events_summer_sports_parkour_htm,0.0011186437108036927
www_topendsports_com_art_photography_techniques_htm,0.0011186437108036927
www_topendsports_com_resources_stadiums_design_htm,0.0011186437108036927
www_topendsports_com_events_handball_index_htm,0.0011186437108036927
www_topendsports_com_athletes_cricket_border_allan_htm,0.0011186437108036927
www_topendsports_com_athletes_field_hockey_chand_dhyan_htm,0.0011186437108036927
www_topendsports_com_events_winter_sports_snowboarding_htm,0.0011186437108036927
italmec_cz_realizace_sp,0.0011186437108036927
www_topendsports_com_testing_tests_arm_length_htm,0.0011186437108036927
www_topendsports_com_sport_list_water_polo_inner_tube_htm,0.0011186437108036927
www_topendsports_com_sport_unusual_scotland_island_500_htm,0.0011186437108036927
www_topendsports_com_events_world_swimming_champs_hosts_budapest_2017_htm,0.0011186437108036927
www_topendsports_com_sport_list_canicross_htm,0.0011186437108036927
www_topendsports_com_sport_list_abseiling_htm,0.0011186437108036927
www_topendsports_com_events_summer_sports_softball_htm,0.0011186437108036927
www_topendsports_com_testing_tests_restq_htm,0.0011186437108036927
www_topendsports_com_events_paralympics_hosts_1984_ny_stoke_mandeville_htm,0.0011186437108036927
www_topendsports_com_sport_list_shinty_hurling_htm,0.0011186437108036927
www_topendsports_com_sport_list_horseracing_chuckwagon_htm,0.0011186437108036927
www_topendsports_com_world_lists_popular_athlete_espn_world_fame_100_2018_htm,0.0011186437108036927
www_topendsports_com_sport_waterpolo_index_htm,0.0011186437108036927
www_topendsports_com_world_countries_canada_htm,0.0011186437108036927
www_topendsports_com_sport_extinct_canoe_tilting_htm,0.0011186437108036927
www_livescience_com_28466_hydrogen,0.0011351036026240376
www_topendsports_com_head2head_sports_baseball_softball_htm,0.0011186437108036927
www_vr_bank_wuerzburg_de_privatkunden_girokonto_kreditkarten_girokonto_vr_vorteilskonto,0.0011699593988150987
www_topendsports_com_sport_list_soccer_crab_htm,0.0011186437108036927
www_acs_org_education_whatischemistry_periodictable_periodictable,0.0011186437108036927
www_topendsports_com_events_games_european_youth_index_htm,0.0011186437108036927
www_topendsports_com_events_rugby_index_htm,0.0011186437108036927
www_topendsports_com_sport_unusual_beard_moustache_htm,0.0011186437108036927
www_topendsports_com_sport_rowing_index_htm,0.0011186437108036927
www_topendsports_com_sport_unusual_castell_building_htm,0.0011186437108036927
www_topendsports_com_sport_tennis_profiles_agassi_andre_htm,0.0011186437108036927
www_topendsports_com_sport_unusual_cow_racing_htm,0.0011186437108036927
www_vr_bank_wuerzburg_de_service_newsletter_anmeldung,0.0012602329467447926
www_topendsports_com_sport_list_unicycle_trials_htm,0.0011186437108036927
www_topendsports_com_world_timeline_1969_htm,0.0011186437108036927
www_topendsports_com_events_sport_events_htm,0.0011186437108036927
www_topendsports_com_testing_tests_balance_stand_htm,0.0011186437108036927
www_topendsports_com_fun_olympics_htm,0.0011186437108036927
www_topendsports_com_sport_list_hockey_ball_htm,0.0011186437108036927
www_topendsports_com_testing_tests_devine_formula_htm,0.0011186437108036927
www_topendsports_com_sport_sports_all_i_htm,0.0011186437108036927
www_topendsports_com_psychology_mental_health_well_being_htm,0.0011186437108036927
www_topendsports_com_world_timeline_1932_htm,0.0011186437108036927
www_acs_org_content_acs_en,0.0011186437108036927
www_topendsports_com_sport_list_skateboarding_longboard_htm,0.0011186437108036927
www_topendsports_com_events_soccer_uefa_euros_index_htm,0.0011186437108036927
www_vr_bank_wuerzburg_de_privatkunden_online_banking_sicherheit_phishing_warnungen,0.0012573857924401894
www_topendsports_com_sport_list_hornussen_htm,0.0011186437108036927
www_topendsports_com_sport_list_palla_htm,0.0011186437108036927
www_topendsports_com_sport_list_kickboxing_pradal_serey_htm,0.0011186437108036927
www_topendsports_com_events_winter_sports_luge_htm,0.0011186437108036927
www_topendsports_com_sport_list_bouldering_htm,0.0011186437108036927
www_topendsports_com_testing_tests_push_up_isometric_hold_htm,0.0011186437108036927
www_topendsports_com_sport_list_palant_htm,0.0011186437108036927
www_topendsports_com_health_nutrition_illness_inflammation_htm,0.0011186437108036927
www_topendsports_com_resources_centres_usa_htm,0.0011186437108036927
www_topendsports_com_events_baseball_world_classic_index_htm,0.0011186437108036927
www_topendsports_com_testing_tests_power_ball_rotational_throw_htm,0.0011186437108036927
www_topendsports_com_sport_list_equestrian_vaulting_htm,0.0011186437108036927
www_topendsports_com_sport_athletes_v_animals_htm,0.0011186437108036927
www_topendsports_com_world_countries_san_marino_htm,0.0011186437108036927
www_topendsports_com_sport_list_shooting_metallic_silhouette_htm,0.0011186437108036927
www_topendsports_com_events_worldcupsoccer_hosts_france_1998_htm,0.0011186437108036927
www_topendsports_com_fitness_weightloss_htm,0.0011186437108036927
www_topendsports_com_events_worldcupsoccer_countries_england_htm,0.0011186437108036927
www_topendsports_com_events_golf_ryder_cup_index_htm,0.0011186437108036927
www_topendsports_com_events_worldcupsoccer_hosts_russia_2018_qualifiers_htm,0.0011186437108036927
www_topendsports_com_world_lists_popular_sport_popular_net_voted_htm,0.0011186437108036927
www_topendsports_com_events_cricket_world_twenty20_winners_htm,0.0011186437108036927
www_topendsports_com_events_demonstration_equestrian_hacks_and_hunter_combined_htm,0.0011186437108036927
www_topendsports_com_sport_unusual_monster_truck_rally_htm,0.0011186437108036927
www_topendsports_com_events_commonwealth_games_mascots_htm,0.0011186437108036927
www_topendsports_com_nutrition_supplements_peptide_therapy_htm,0.0011186437108036927
www_topendsports_com_events_worldcupsoccer_firsts_htm,0.0011186437108036927
www_acs_org_events_greenchemistryconferences,0.0011186437108036927
www_topendsports_com_world_lists_earnings_fortunate_50_htm,0.0011186437108036927
www_topendsports_com_testing_tests_prt_elliptical_trainer_htm,0.0011186437108036927
www_topendsports_com_testing_tests_pull_up_pft_htm,0.0011186437108036927
www_topendsports_com_testing_tests_bench_press_relative_nhl_htm,0.0011186437108036927
www_topendsports_com_events_commonwealth_games_hosts_glasgow_2014_index_htm,0.0011186437108036927
www_topendsports_com_sport_list_jujutsu_htm,0.0011186437108036927
www_topendsports_com_sport_list_athletics_long_jump_htm,0.0011186437108036927
www_topendsports_com_events_netball_world_champs_hosts_2023_south_africa_htm,0.0011186437108036927
www_topendsports_com_sport_list_krolf_htm,0.0011186437108036927
www_topendsports_com_sport_sports_all_h_htm,0.0011186437108036927
www_topendsports_com_sport_list_bull_fighting_htm,0.0011186437108036927
www_thissportlife_com_privacy_htm,0.001336241005740137
www_topendsports_com_sport_list_dartchery_htm,0.0011186437108036927
www_topendsports_com_sport_icehockey_quotes_htm,0.0011186437108036927
www_topendsports_com_sport_surfing_books_htm,0.0011186437108036927
www_topendsports_com_sport_list_kin_ball_htm,0.0011186437108036927
www_topendsports_com_events_super_bowl_mvp_winners_list_htm,0.0011186437108036927
www_thissportlife_com_site_map_htm,0.001336241005740137
www_topendsports_com_athletes_football_soccer_ronaldo_htm,0.0011186437108036927
www_topendsports_com_resources_technology_doping_htm,0.0011186437108036927
www_topendsports_com_sport_soccer_terms_premier_league_htm,0.0011186437108036927
www_topendsports_com_testing_tests_sprint_50meters_htm,0.0011186437108036927
www_topendsports_com_testing_tests_girth_calf_htm,0.0011186437108036927
www_topendsports_com_image_album_photos_surfing_index,0.0011186437108036927
www_topendsports_com_events_demonstration_football_htm,0.0011186437108036927
www_topendsports_com_sport_list_triathlon_indoor_htm,0.0011186437108036927
www_topendsports_com_athletes_golf_jones_bobby_htm,0.0011186437108036927
www_topendsports_com_sport_list_mallakhamba_htm,0.0011186437108036927
www_topendsports_com_events_discontinued_winter_htm,0.0011186437108036927
www_charismapros_com_p_narsi_htm,0.0011186437108036927
www_topendsports_com_world_timeline_1917_htm,0.0011186437108036927
www_vr_bank_wuerzburg_de_privatkunden_online_banking,0.0011837307446829546
www_topendsports_com_world_lists_earnings_athletes_paid_2014_htm,0.0011186437108036927
www_topendsports_com_athletes_boxing_ali_muhammad_htm,0.0011186437108036927
www_acs_org_terms,0.0011186437108036927
www_topendsports_com_sport_unusual_eton_wall_game_htm,0.0011186437108036927
www_topendsports_com_sport_list_athletics_triple_jump_htm,0.0011186437108036927
www_topendsports_com_sport_soccer_awards_ballondor_2018_htm,0.0011186437108036927
www_topendsports_com_world_lists_earnings_espn_countries_2011_htm,0.0011186437108036927
www_topendsports_com_sport_extinct_universal_football_htm,0.0011186437108036927
www_topendsports_com_events_demonstration_lacrosse_htm,0.0011186437108036927
www_topendsports_com_sport_basketball_testing_draft_results_2024_htm,0.0011186437108036927
www_topendsports_com_sport_modified_sports_htm,0.0011186437108036927
www_topendsports_com_events_basketball_nba_finals_mvp_finals_htm,0.0011186437108036927
www_topendsports_com_sport_list_handball_htm,0.0011186437108036927
www_topendsports_com_sport_list_log_sawing_htm,0.0011186437108036927
www_topendsports_com_world_countries_korea_north_htm,0.0011186437108036927
www_topendsports_com_sport_list_skittles_finnish_htm,0.0011186437108036927
www_topendsports_com_sport_list_football_touch_htm,0.0011186437108036927
www_topendsports_com_testing_tests_ab_strength_htm,0.0011186437108036927
www_topendsports_com_testing_tests_dumbbell_press_brockport_htm,0.0011186437108036927
www_topendsports_com_sport_icehockey_sport_name_htm,0.0011186437108036927
www_topendsports_com_sport_list_athletics_javelin_htm,0.0011186437108036927
www_acs_org_careers_chemical_sciences_fields_chemistry_professor,0.0011186437108036927
www_topendsports_com_sport_list_wrestling_sorro_htm,0.0011186437108036927
www_topendsports_com_sport_list_underwater_orienteering_htm,0.0011186437108036927
www_topendsports_com_fitness_sports_agility_espn_htm,0.0011186437108036927
www_topendsports_com_resources_technology_index_htm,0.0011186437108036927
www_topendsports_com_sport_extinct_auto_polo_htm,0.0011186437108036927
www_topendsports_com_sport_disc_sports_ultimate_books_htm,0.0011186437108036927
www_topendsports_com_events_worldcupsoccer_trivia_goals_htm,0.0011186437108036927
www_topendsports_com_events_summer_winners_index_htm,0.0011186437108036927
www_topendsports_com_sport_baseball_books_htm,0.0011186437108036927
www_topendsports_com_world_lists_must_see_events_top100_htm,0.0011186437108036927
www_topendsports_com_sport_list_te_ano_htm,0.0011186437108036927
www_topendsports_com_sport_esports_list_fifa_htm,0.0011186437108036927
www_topendsports_com_world_timeline_1916_htm,0.0011186437108036927
www_topendsports_com_sport_list_ringette_htm,0.0011186437108036927
www_vr_bank_wuerzburg_de_firmenkunden,0.0012840096653413547
www_topendsports_com_events_summer_medal_tally_top_winners_htm,0.0011186437108036927
www_topendsports_com_sport_list_polo_elephant_htm,0.0011186437108036927
www_topendsports_com_world_timeline_1950_htm,0.0011186437108036927
www_topendsports_com_events_worldcupsoccer_countries_japan_htm,0.0011186437108036927
www_topendsports_com_events_worldcupsoccer_women_hosts_2031_usa_htm,0.0011186437108036927
www_topendsports_com_events_soccer_fa_cup_trophy_htm,0.0011186437108036927
www_topendsports_com_world_lists_popular_sport_federations_regions_htm,0.0011186437108036927
www_topendsports_com_events_worldcupsoccer_hosts_2026_index_htm,0.0011186437108036927
www_topendsports_com_events_winter_medal_tally_index_htm,0.0011186437108036927
www_topendsports_com_events_worldcupsoccer_hosts_uruguay_1930_htm,0.0011186437108036927
www_topendsports_com_world_lists_fittest_sport_your_list_htm,0.0011186437108036927
www_topendsports_com_sport_list_motoball_htm,0.0011186437108036927
www_topendsports_com_sport_list_hockey_field_htm,0.0011186437108036927
www_topendsports_com_events_commonwealth_games_sports_netball_htm,0.0011186437108036927
www_topendsports_com_sport_golf_profiles_index_htm,0.0011186437108036927
www_topendsports_com_events_calendar_tennis_htm,0.0011186437108036927
www_topendsports_com_sport_golf_store_htm,0.0011186437108036927
www_topendsports_com_world_timeline_index_htm,0.0011186437108036927
www_topendsports_com_testing_tests_flex_9090_htm,0.0011186437108036927
www_topendsports_com_sport_list_hockey_pond_htm,0.0011186437108036927
www_topendsports_com_sport_fictional_sports_htm,0.0011186437108036927
www_topendsports_com_events_golf_majors_british_open_index_htm,0.0011186437108036927
www_topendsports_com_sport_list_ice_cross_downhill_htm,0.0011186437108036927
www_topendsports_com_events_super_bowl_hosts_1987_htm,0.0011186437108036927
www_topendsports_com_events_horse_racing_melbourne_cup_history_htm,0.0011186437108036927
www_topendsports_com_athletes_golf_player_gary_htm,0.0011186437108036927
www_topendsports_com_sport_motorcycle_sports_htm,0.0011186437108036927
www_topendsports_com_sport_suggested_htm,0.0011186437108036927
www_topendsports_com_sport_list_drag_boat_racing_htm,0.0011186437108036927
www_topendsports_com_testing_tests_interval_shuttle_run_test_htm,0.0011186437108036927
www_topendsports_com_sport_female_firsts_in_sport_htm,0.0011186437108036927
www_topendsports_com_sport_list_orienteering_ski_htm,0.0011186437108036927
www_topendsports_com_fitness_health_htm,0.0011186437108036927
www_topendsports_com_events_worldcupsoccer_countries_saarland_htm,0.0011186437108036927
www_topendsports_com_testing_tests_flexed_arm_hang_ipft_htm,0.0011186437108036927
www_topendsports_com_sport_unusual_crawling_races_htm,0.0011186437108036927
www_topendsports_com_events_demonstration_pesapallo_htm,0.0011186437108036927
www_topendsports_com_sport_index_htm,0.0011186437108036927
www_robwood_me_design_index_htm,0.0011186437108036927
www_topendsports_com_events_worldcupsoccer_tickets_htm,0.0011186437108036927
www_topendsports_com_sport_traditional_tin_can_cricket_htm,0.0011186437108036927
www_topendsports_com_sport_dog_canine_parkour_htm,0.0011186437108036927
www_livescience_com_53304_gases,0.001129658273506175
www_topendsports_com_sport_list_surflifesaving_flags_htm,0.0011186437108036927
www_topendsports_com_world_lists_popular_sport_countries_netherlands_htm,0.0011186437108036927
www_topendsports_com_sport_motorsports_testing_htm,0.0011186437108036927
www_topendsports_com_sport_underwater_sports_htm,0.0011186437108036927
www_topendsports_com_events_real_estate_htm,0.0011186437108036927
www_topendsports_com_testing_tests_bench_press_htm,0.0011186437108036927
www_topendsports_com_sport_list_powerlifting_deadlift_htm,0.0011186437108036927
www_topendsports_com_sport_baseball_equipment_htm,0.0011186437108036927
www_topendsports_com_sport_soccer_awards_ballondor_1984_htm,0.0011186437108036927
www_topendsports_com_events_summer_history_htm,0.0011186437108036927
www_topendsports_com_events_triathlon_index_htm,0.0011186437108036927
www_topendsports_com_image_album_public_domain_olympic_games_index,0.0011186437108036927
www_topendsports_com_sport_list_rugby_union_htm,0.0011186437108036927
www_topendsports_com_events_rugby_world_cup_world_cup_htm,0.0011186437108036927
www_topendsports_com_testing_agility_about_htm,0.0011186437108036927
www_topendsports_com_sport_list_wrestling_freestyle_htm,0.0011186437108036927
www_topendsports_com_biomechanics_biomechanics_jobs_htm,0.0011186437108036927
www_topendsports_com_testing_tests_15m_bleep_htm,0.0011186437108036927
www_topendsports_com_sport_archery_index_htm,0.0011186437108036927
www_topendsports_com_testing_tests_phosphate_recovery_htm,0.0011186437108036927
www_topendsports_com_sport_list_drum_corps_htm,0.0011186437108036927
www_topendsports_com_events_motorsports_grand_prix_monaco_htm,0.0011186437108036927
www_topendsports_com_events_worldcupsoccer_hosts_russia_2018_index_htm,0.0011186437108036927
www_topendsports_com_testing_tests_agility_cod_deficit_htm,0.0011186437108036927
www_topendsports_com_sport_list_t_ball_htm,0.0011186437108036927
www_topendsports_com_events_soccer_confederations_index_htm,0.0011186437108036927
www_topendsports_com_testing_tests_shoulder_width_htm,0.0011186437108036927
www_topendsports_com_psychology_store_journals_htm,0.0011186437108036927
www_topendsports_com_testing_results_index_htm,0.0011186437108036927
www_livescience_com_51720_photosynthesis,0.001136510563455971
www_topendsports_com_testing_tests_non_exercise_htm,0.0011186437108036927
www_topendsports_com_events_games_asian_games_hosts_index_htm,0.0011186437108036927
www_topendsports_com_events_commonwealth_games_hosts_victoria_htm,0.0011186437108036927
www_topendsports_com_resources_heroes_ratings_gridiron_index_htm,0.0011186437108036927
www_topendsports_com_sport_unusual_conker_smashing_htm,0.0011186437108036927
www_topendsports_com_nutrition_weight_control_making_weight_quickly_htm,0.0011186437108036927
www_topendsports_com_testing_cycling_tests_htm,0.0011186437108036927
www_topendsports_com_sport_unusual_hamster_racing_htm,0.0011186437108036927
www_topendsports_com_sport_unusual_camel_wrestling_htm,0.0011186437108036927
www_acs_org_pressroom_newsreleases_2025_february_acs_support_for_science,0.0011249407118247732
www_topendsports_com_sport_list_modern_pentathlon_htm,0.0011186437108036927
www_vr_bank_wuerzburg_de_vr_mehr_als_bank,0.00128957966600241
www_topendsports_com_world_timeline_1911_htm,0.0011186437108036927
www_topendsports_com_testing_tests_back_strength_htm,0.0011186437108036927
www_topendsports_com_sport_unusual_orange_race_htm,0.0011186437108036927
www_topendsports_com_testing_tests_drop_jump_incremental_htm,0.0011186437108036927
www_topendsports_com_sport_union_books_htm,0.0011186437108036927
www_topendsports_com_sport_soccer_list_league_epl_winners_htm,0.0011186437108036927
www_topendsports_com_testing_products_rowing_ergometers_htm,0.0011186437108036927
www_topendsports_com_events_summer_firsts_htm,0.0011186437108036927
www_topendsports_com_resources_heroes_ratings_ice_hockey_index_htm,0.0011186437108036927
www_topendsports_com_events_summer_sports_badminton_htm,0.0011186437108036927
www_topendsports_com_world_countries_australia_events_index_htm,0.0011186437108036927
www_topendsports_com_events_summer_sports_canoe_sprint_htm,0.0011186437108036927
www_topendsports_com_world_lists_greatest_all_time_aussie_rules_htm,0.0011186437108036927
www_vr_bank_wuerzburg_de_karriere,0.0012814297709083555
www_topendsports_com_world_countries_bhutan_htm,0.0011186437108036927
www_topendsports_com_weight_loss_measurement_index_htm,0.0011186437108036927
www_topendsports_com_world_timeline_1943_htm,0.0011186437108036927
www_topendsports_com_sport_soccer_list_player_of_the_year_ballondor_htm,0.01335241240288244
www_topendsports_com_world_countries_mexico_htm,0.0011186437108036927
www_topendsports_com_sport_unusual_beer_can_regatta_htm,0.0011186437108036927
www_topendsports_com_sport_soccer_teams_htm,0.0011186437108036927
www_topendsports_com_fun_golf_htm,0.0011186437108036927
www_topendsports_com_events_games_world_sports_number_htm,0.0011186437108036927
www_topendsports_com_events_esports_olympic_esports_games_htm,0.0011186437108036927
www_topendsports_com_sport_soccer_awards_ballondor_1985_htm,0.0011186437108036927
www_topendsports_com_events_summer_sports_waterpolo_htm,0.0011186437108036927
www_topendsports_com_events_calendar_table_tennis_htm,0.0011186437108036927
www_topendsports_com_world_countries_bulgaria_htm,0.0011186437108036927
www_acs_org_careers_chemical_sciences_profiles_tashica_williams_amirgholizadeh,0.0011186437108036927
www_topendsports_com_sport_tenpin_history_htm,0.0011186437108036927
www_topendsports_com_testing_tests_ponderal_index_htm,0.0011186437108036927
www_topendsports_com_weight_loss_humor_htm,0.0011186437108036927
www_topendsports_com_events_paralympics_hosts_2021_tokyo_htm,0.0011186437108036927
www_topendsports_com_events_super_bowl_hosts_stadiums_list_htm,0.0011186437108036927
www_topendsports_com_sport_baseball_warm_up_htm,0.0011186437108036927
www_topendsports_com_sport_list_skiing_downhill_htm,0.0011186437108036927
www_topendsports_com_events_cricket_world_twenty20_countries_usa_htm,0.0011186437108036927
www_topendsports_com_events_winter_sports_ice_hockey_htm,0.0011186437108036927
www_topendsports_com_events_volleyball_world_championships_index_htm,0.0011186437108036927
www_topendsports_com_sport_list_roundnet_htm,0.0011186437108036927
www_topendsports_com_events_paralympics_sports_table_tennis_htm,0.0011186437108036927
www_topendsports_com_weight_loss_dietary_changes_htm,0.0011186437108036927
www_topendsports_com_events_summer_sports_tennis_htm,0.0011186437108036927
www_topendsports_com_events_winter_sports_crosscountry_skiing_htm,0.0011186437108036927
www_topendsports_com_events_super_bowl_hosts_2020_htm,0.0011186437108036927
www_topendsports_com_testing_tests_floor_touch_htm,0.0011186437108036927
www_topendsports_com_events_demonstration_kaatsen_htm,0.0011186437108036927
www_topendsports_com_sport_skateboarding_index_htm,0.0011186437108036927
www_topendsports_com_world_countries_guinea_htm,0.0011186437108036927
www_topendsports_com_events_commonwealth_games_paraplegic_games_htm,0.0011186437108036927
www_topendsports_com_world_countries_germany_west_htm,0.0011186437108036927
www_acs_org_policy_support_science,0.0011186437108036927
www_topendsports_com_sport_soccer_awards_ballondor_dream_team_htm,0.0011186437108036927
www_topendsports_com_events_games_youth_international_htm,0.0011186437108036927
www_topendsports_com_events_games_mediterranean_index_htm,0.0011186437108036927
www_topendsports_com_events_summer_medal_tally_rankings_sports_rugby_union_htm,0.0011186437108036927
www_topendsports_com_testing_calendar_htm,0.0011186437108036927
www_topendsports_com_sport_list_biathlon_orienteering_htm,0.0011186437108036927
www_topendsports_com_events_world_swimming_champs_hosts_kazan_2015_htm,0.0011186437108036927
www_topendsports_com_events_soccer_uefa_super_cup_index_htm,0.0011186437108036927
www_topendsports_com_events_tennis_grand_slam_french_open_winners_htm,0.0011186437108036927
www_topendsports_com_events_demonstration_footvolley_htm,0.0011186437108036927
www_topendsports_com_events_worldcupsoccer_hosts_italy_1990_htm,0.0011186437108036927
www_topendsports_com_events_worldcupsoccer_hosts_france_1938_htm,0.0011186437108036927
www_topendsports_com_world_countries_spain_htm,0.0011186437108036927
www_topendsports_com_testing_tests_shuttle_10x5m_htm,0.0011186437108036927
www_topendsports_com_world_timeline_1925_htm,0.0011186437108036927
www_topendsports_com_testing_work_army_usa_htm,0.0011186437108036927
www_topendsports_com_testing_sportspecific_htm,0.0011186437108036927
www_topendsports_com_sport_list_athletics_race_walking_htm,0.0011186437108036927
www_topendsports_com_events_rugby_world_cup_firsts_htm,0.0011186437108036927
www_topendsports_com_events_demonstration_la_canne_htm,0.0011186437108036927
www_topendsports_com_events_summer_stadiums_htm,0.0011186437108036927
www_topendsports_com_sport_list_track_and_field_htm,0.0011186437108036927
www_topendsports_com_events_games_military_games_sports_index_htm,0.0011186437108036927
www_topendsports_com_sport_swimming_science_htm,0.0011186437108036927
www_topendsports_com_events_demonstration_american_football_htm,0.0011186437108036927
www_topendsports_com_sport_list_football_zorb_htm,0.0011186437108036927
www_topendsports_com_fitness_yoga_chair_htm,0.0011186437108036927
www_topendsports_com_events_worldcupsoccer_countries_iran_htm,0.0011186437108036927
www_topendsports_com_sport_list_swimming_freestyle_htm,0.0011186437108036927
www_topendsports_com_sport_soccer_equipment_htm,0.0011186437108036927
www_vr_bank_wuerzburg_de_wir_fuer_sie_veranstaltungen,0.001276166604767903
www_topendsports_com_resources_heroes_index_htm,0.0011186437108036927
www_topendsports_com_sport_boxing_history_htm,0.0011186437108036927
www_topendsports_com_events_games_asian_games_east_asian_index_htm,0.0011186437108036927
www_topendsports_com_events_demonstration_bossaball_htm,0.0011186437108036927
www_livescience_com_28698_facts_about_carbon,0.0011493854195337493
www_topendsports_com_testing_tests_astrand_htm,0.0011186437108036927
www_livescience_com_39144_platinum,0.0011186437108036927
www_topendsports_com_world_countries_cambodia_htm,0.0011186437108036927
www_acs_org_careers_chemical_sciences,0.0011186437108036927
www_topendsports_com_sport_martial_arts_instructor_htm,0.0011186437108036927
www_topendsports_com_events_games_universiade_history_htm,0.0011186437108036927
www_topendsports_com_study_skills_student_athlete_international_htm,0.0011186437108036927
www_topendsports_com_biomechanics_index_htm,0.0011186437108036927
www_topendsports_com_sport_soccer_awards_ballondor_1986_htm,0.0011186437108036927
www_topendsports_com_events_tour_de_france_tours_2024_htm,0.0011186437108036927
www_topendsports_com_events_paralympics_sports_demonstration_htm,0.0011186437108036927
www_space_com_43203_all_about_space_free_issue,0.00112656202210646
www_topendsports_com_sport_afl_combine_results_2014_htm,0.0011186437108036927
www_topendsports_com_sport_list_hockey_power_htm,0.0011186437108036927
www_topendsports_com_events_summer_womens_olympics_htm,0.0011186437108036927
www_topendsports_com_events_discontinued_alpinism_htm,0.0011186437108036927
www_topendsports_com_fitness_nutrition_htm,0.0011186437108036927
physics_info_,0.0011186437108036927
www_topendsports_com_athletes_tennis_index_htm,0.0011186437108036927
phet_colorado_edu_,0.0011186437108036927
www_topendsports_com_events_worldcupsoccer_women_countries_mexico_htm,0.0011186437108036927
www_topendsports_com_health_nutrition_education_food_labels_htm,0.0011186437108036927
www_topendsports_com_testing_tests_curl_ups_presidents_htm,0.0011186437108036927
www_topendsports_com_sport_list_tug_of_war_htm,0.0011186437108036927
www_topendsports_com_sport_list_skiboarding_htm,0.0011186437108036927
www_topendsports_com_sport_list_volleyball_snow_htm,0.0011186437108036927
www_topendsports_com_events_commonwealth_games_sports_afl_htm,0.0011186437108036927
www_topendsports_com_sport_list_rugby_touch_htm,0.0011186437108036927
www_topendsports_com_sport_list_synchronized_swimming_htm,0.0011186437108036927
www_topendsports_com_events_games_indian_ocean_index_htm,0.0011186437108036927
www_topendsports_com_events_super_bowl_hosts_1997_htm,0.0011186437108036927
www_topendsports_com_world_lists_popular_sport_fans_htm,0.0011186437108036927
www_topendsports_com_sport_list_yubi_lakpi_htm,0.0011186437108036927
www_topendsports_com_events_paralympics_sports_sailing_htm,0.0011186437108036927
www_topendsports_com_advertising_ratesheet_htm,0.0011186437108036927
www_topendsports_com_testing_tests_height_htm,0.0011186437108036927
www_topendsports_com_sport_list_weightlifting_kettlebell_htm,0.0011186437108036927
www_topendsports_com_sport_list_tennikoit_htm,0.0011186437108036927
www_topendsports_com_sport_afl_combine_results_2017_htm,0.0011186437108036927
www_topendsports_com_sport_soccer_awards_ballondor_1970_htm,0.0011186437108036927
www_topendsports_com_sport_list_running_ekiden_htm,0.0011186437108036927
www_topendsports_com_testing_tests_swimming_beep_test_williams_htm,0.0011186437108036927
www_topendsports_com_events_commonwealth_games_hosts_brisbane_htm,0.0011186437108036927
www_topendsports_com_testing_tests_10m_beep_htm,0.0011186437108036927
www_topendsports_com_biomechanics_centripetal_force_htm,0.0011186437108036927
www_topendsports_com_biomechanics_center_of_gravity_htm,0.0011186437108036927
www_topendsports_com_events_worldcupsoccer_countries_index_htm,0.0011186437108036927
www_topendsports_com_sport_soccer_awards_ballondor_1959_htm,0.0011186437108036927
www_topendsports_com_events_commonwealth_games_boycotts_htm,0.0011186437108036927
www_topendsports_com_events_tennis_grand_slam_australian_open_2007_htm,0.0011186437108036927
www_livescience_com_37040_silver,0.0011186437108036927
www_topendsports_com_events_winter_medal_tally_2010_htm,0.0011186437108036927
www_topendsports_com_events_esports_fifae_world_cup_index_htm,0.0011186437108036927
www_topendsports_com_sport_equestrian_fitness_components_htm,0.0011186437108036927
www_topendsports_com_sport_orienteering_index_htm,0.0011186437108036927
www_topendsports_com_events_winter_medal_tally_1932_htm,0.0011186437108036927
www_topendsports_com_sport_soccer_variations_htm,0.0011186437108036927
www_topendsports_com_events_golf_majors_us_open_history_htm,0.0011186437108036927
www_topendsports_com_world_lists_annual_awards_laureus_men_htm,0.0011186437108036927
www_topendsports_com_sport_list_tetrathlon_htm,0.0011186437108036927
www_topendsports_com_events_commonwealth_games_sports_athletics_htm,0.0011186437108036927
www_topendsports_com_events_worldcupsoccer_countries_switzerland_htm,0.0011186437108036927
www_topendsports_com_world_lists_popular_sport_buzzle7_htm,0.0011186437108036927
www_topendsports_com_events_horse_racing_triple_crown_htm,0.0011186437108036927
www_topendsports_com_sport_basketball_testing_draft_results_2014_htm,0.0011186437108036927
www_topendsports_com_sport_list_rugby_x_htm,0.0011186437108036927
www_topendsports_com_sport_list_bowling_irish_road_htm,0.0011186437108036927
www_topendsports_com_sport_unusual_wheel_barrow_olympics_htm,0.0011186437108036927
www_topendsports_com_health_nutrition_groups_index_htm,0.0011186437108036927
www_topendsports_com_sport_esports_list_wow_mythic_plus_boost_htm,0.0011186437108036927
www_topendsports_com_events_summer_boycotts_htm,0.0011186437108036927
www_topendsports_com_sport_soccer_awards_ballondor_1987_htm,0.0011186437108036927
www_topendsports_com_sport_list_throwing_knife_htm,0.0011186437108036927
www_topendsports_com_events_cricket_world_cup_hosts_2027_index_htm,0.0011186437108036927
www_topendsports_com_testing_tests_burpee_htm,0.0011186437108036927
www_topendsports_com_testing_tests_drop_jump_htm,0.0011186437108036927
www_topendsports_com_sport_list_orienteering_htm,0.0011186437108036927
www_topendsports_com_sport_swimming_strokes_htm,0.0011186437108036927
www_acs_org_careers_chemical_sciences_profiles_brandon_chance,0.0011186437108036927
www_topendsports_com_events_cricket_world_twenty20_women_index_htm,0.0011186437108036927
www_thissportlife_com_sports_rugby_league_state_of_origin_winners_men_htm,0.0011186437108036927
www_topendsports_com_events_cricket_world_twenty20_hosts_2030_htm,0.0011186437108036927
www_topendsports_com_events_worldcupsoccer_hosts_2034_index_htm,0.0011186437108036927
www_topendsports_com_sport_list_football_arena_htm,0.0011186437108036927
www_topendsports_com_resources_stadiums_usa_houston_nrg_htm,0.0011186437108036927
www_topendsports_com_sport_extinct_knurr_and_spell_htm,0.0011186437108036927
www_topendsports_com_sport_adventure_marathon_htm,0.0011186437108036927
www_topendsports_com_world_timeline_1998_htm,0.0011186437108036927
www_livescience_com_32354_what_is_a_carbon_sink,0.001126217180622326
www_topendsports_com_events_baseball_world_classic_countries_usa_htm,0.0011186437108036927
www_topendsports_com_world_timeline_1955_htm,0.0011186437108036927
www_topendsports_com_sport_disc_sports_ultimate_rules_htm,0.0011186437108036927
www_topendsports_com_testing_tests_abstrength_htm,0.0011186437108036927
www_topendsports_com_world_countries_aruba_htm,0.0011186437108036927
www_topendsports_com_sport_list_silambam_htm,0.0011186437108036927
